344828,Suncor Énergie Inc.,Suncor Energy Inc.,2015-01-27,Climate,Climate,Environment Canada
347627,Groupe Co-operators limitée,The Co-operators Group Ltd.,2015-01-21,Climate,Climate,Public Safety Canada (PS)
347629,Groupe Co-operators limitée,The Co-operators Group Ltd.,2015-02-10,Climate,Climate,Public Safety Canada (PS)
348780,Groupe Co-operators limitée,The Co-operators Group Ltd.,2015-02-24,Climate,Climate,Public Safety Canada (PS)
349298,null,GREENPEACE CANADA,2015-03-06,Climate,Climate,House of Commons
355883,Alliance des manufacturiers et des exportateurs du Canada (MEC),Alliance of Manufacturers & Exporters Canada (CME),2015-04-01,Climate,Climate,Prime Minister's Office (PMO)
355909,null,PEMBINA INSTITUTE,2015-05-01,Climate,Climate,Environment Canada
356474,Alliance des manufacturiers et des exportateurs du Canada (MEC),Alliance of Manufacturers & Exporters Canada (CME),2015-05-13,Climate,Climate,Prime Minister's Office (PMO)
361968,Association Canadienne des Producteurs Pétroliers,Canadian Association of Petroleum Producers,2015-09-02,Climate,Climate,Environment Canada
361970,Association Canadienne des Producteurs Pétroliers,Canadian Association of Petroleum Producers,2015-09-22,Climate,Climate,Environment Canada
364899,Association Canadienne des Producteurs Pétroliers,Canadian Association of Petroleum Producers,2015-11-05,Climate,Climate,Environment and Climate Change Canada
365331,Suncor Énergie Inc.,Suncor Energy Inc.,2015-11-18,Climate,Climate,Environment and Climate Change Canada
365338,Suncor Énergie Inc.,Suncor Energy Inc.,2015-11-16,Climate,Climate,Environment and Climate Change Canada
365341,Suncor Énergie Inc.,Suncor Energy Inc.,2015-11-17,Climate,Climate,House of Commons
365342,Suncor Énergie Inc.,Suncor Energy Inc.,2015-11-19,Climate,Climate,House of Commons
365344,Suncor Énergie Inc.,Suncor Energy Inc.,2015-11-19,Climate,Climate,Prime Minister's Office (PMO)
365482,Association des produits forestiers du Canada,Forest Products Association of Canada,2015-12-17,Climate,Climate,Environment and Climate Change Canada
365542,null,Canadian Climate Forum,2015-12-18,Climate,Climate,Natural Resources Canada (NRCan)
365624,null,Canada Clean Fuels,2015-12-22,Climate,Climate,Environment and Climate Change Canada
366602,Suncor Énergie Inc.,Suncor Energy Inc.,2015-12-04,Climate,Climate,House of Commons
366606,null,Vancouver Aquarium,2015-12-09,Climate,Climate,Fisheries and Oceans Canada (DFO)
366607,null,Vancouver Aquarium,2015-12-14,Climate,Climate,Fisheries and Oceans Canada (DFO)
366942,null,GREENPEACE CANADA,2015-11-23,Climate,Climate,Environment and Climate Change Canada
366943,null,GREENPEACE CANADA,2015-11-23,Climate,Climate,Global Affairs Canada
366944,null,GREENPEACE CANADA,2015-12-01,Climate,Climate,Environment and Climate Change Canada
366945,null,GREENPEACE CANADA,2015-12-02,Climate,Climate,Environment and Climate Change Canada
366946,null,GREENPEACE CANADA,2015-12-04,Climate,Climate,Environment and Climate Change Canada
366947,null,GREENPEACE CANADA,2015-12-08,Climate,Climate,Environment and Climate Change Canada
368715,Suncor Énergie Inc.,Suncor Energy Inc.,2016-01-11,Climate,Climate,Prime Minister's Office (PMO)
369111,null,Canadian Climate Forum,2016-01-14,Climate,Climate,Natural Resources Canada (NRCan)
369119,null,Canadian Climate Forum,2016-01-19,Climate,Climate,Public Safety Canada (PS)
369446,null,Suncor Energy Inc.,2016-01-28,Climate,Climate,Environment and Climate Change Canada
369645,Association des produits forestiers du Canada,Forest Products Association of Canada,2016-02-11,Climate,Climate,Environment and Climate Change Canada
369951,null,Innergex Renewable Energy Inc.,2016-02-18,Climate,Climate,Natural Resources Canada (NRCan)
369953,null,Innergex Renewable Energy Inc.,2016-02-18,Climate,Climate,Privy Council Office (PCO)
369954,null,Innergex Renewable Energy Inc.,2016-02-18,Climate,Climate,Natural Resources Canada (NRCan)
369957,null,Innergex Renewable Energy Inc.,2016-02-19,Climate,Climate,Environment and Climate Change Canada
369958,null,Innergex Renewable Energy Inc.,2016-02-19,Climate,Climate,Infrastructure Canada
369959,null,Innergex Renewable Energy Inc.,2016-02-19,Climate,Climate,Indigenous and Northern Affairs Canada
370029,null,Innergex Renewable Energy Inc.,2016-02-18,Climate,Climate,Indigenous and Northern Affairs Canada
370137,Association des produits forestiers du Canada,Forest Products Association of Canada,2016-02-23,Climate,Climate,House of Commons
371518,null,ENMAX Corporation,2016-02-26,Climate,Climate,Finance Canada (FIN)
372701,null,Rio Tinto Aluminium,2016-02-03,Climate,Climate,Global Affairs Canada
372705,null,Rio Tinto Aluminium,2016-02-03,Climate,Climate,Transport Canada (TC)
373029,null,GREENPEACE CANADA,2016-03-03,Climate,Climate,Environment and Climate Change Canada
373031,null,GREENPEACE CANADA,2016-03-15,Climate,Climate,Prime Minister's Office (PMO)
373477,null,Rio Tinto Canada Management Inc,2016-03-03,Climate,Climate,Environment and Climate Change Canada
373489,A L'action,LeadNow Society,2016-02-29,Climate,Climate,House of Commons
373490,A L'action,LeadNow Society,2016-01-22,Climate,Climate,House of Commons
373491,A L'action,LeadNow Society,2016-02-19,Climate,Climate,House of Commons
373492,A L'action,LeadNow Society,2016-03-01,Climate,Climate,House of Commons
373493,A L'action,LeadNow Society,2016-03-15,Climate,Climate,House of Commons
373494,A L'action,LeadNow Society,2016-03-29,Climate,Climate,House of Commons
373514,Association canadienne du ciment,Cement Association of Canada,2016-03-17,Climate,Climate,Environment and Climate Change Canada
373602,null,Canadian Climate Forum,2016-03-04,Climate,Climate,Infrastructure Canada
373643,null,PEMBINA INSTITUTE,2016-03-25,Climate,Climate,Natural Resources Canada (NRCan)
373655,null,Innergex Renewable Energy Inc.,2016-04-04,Climate,Climate,"Innovation, Science and Economic Development Canada"
373695,null,Innergex Renewable Energy Inc.,2016-04-06,Climate,Climate,Indigenous and Northern Affairs Canada
373767,null,Innergex Renewable Energy Inc.,2016-04-04,Climate,Climate,Natural Resources Canada (NRCan)
374337,Action Contre La Faim,Action Against Hunger Canada,2016-04-13,Climate,Climate,Environment and Climate Change Canada
374532,Association des produits forestiers du Canada,Forest Products Association of Canada,2016-04-04,Climate,Climate,Environment and Climate Change Canada
374737,null,Shell Canada Limited,2016-03-03,Climate,Climate,Natural Resources Canada (NRCan)
374761,null,FortisBC,2016-04-13,Climate,Climate,Natural Resources Canada (NRCan)
374859,Suncor Énergie Inc.,Suncor Energy Inc.,2016-03-02,Climate,Climate,Environment and Climate Change Canada
374860,null,The Toronto-Dominion Bank,2016-03-22,Climate,Climate,Environment and Climate Change Canada
375101,Association des produits forestiers du Canada,Forest Products Association of Canada,2016-04-12,Climate,Climate,House of Commons
375102,Association des produits forestiers du Canada,Forest Products Association of Canada,2016-04-15,Climate,Climate,House of Commons
375172,Association des produits forestiers du Canada,Forest Products Association of Canada,2016-04-21,Climate,Climate,Natural Resources Canada (NRCan)
375219,null,Carbon Engineering,2016-04-19,Climate,Climate,Environment and Climate Change Canada
375220,null,Carbon Engineering,2016-04-19,Climate,Climate,Prime Minister's Office (PMO)
375221,null,Carbon Engineering,2016-04-19,Climate,Climate,"Innovation, Science and Economic Development Canada"
375341,null,Carbon Engineering,2016-04-21,Climate,Climate,House of Commons
375486,null,Canadian Climate Forum,2016-04-11,Climate,Climate,Environment and Climate Change Canada
375623,Association des produits forestiers du Canada,Forest Products Association of Canada,2016-04-25,Climate,Climate,"Innovation, Science and Economic Development Canada"
375815,Association des produits forestiers du Canada,Forest Products Association of Canada,2016-04-27,Climate,Climate,Natural Resources Canada (NRCan)
375975,Association canadienne des carburants,Canadian Fuels Association,2016-04-21,Climate,Climate,Environment and Climate Change Canada
376266,null,WEST COAST ENVIRONMENTAL LAW ASSOCIATION,2016-04-28,Climate,Climate,House of Commons
376771,null,Canadian Natural Resources Limited,2016-04-07,Climate,Climate,Environment and Climate Change Canada
376920,null,NextEra Canada Development LP,2016-04-05,Climate,Climate,Indigenous and Northern Affairs Canada
376990,null,NextEra Canada Development LP,2016-04-05,Climate,Climate,Environment and Climate Change Canada
377237,Suncor Énergie Inc.,Suncor Energy Inc.,2016-04-24,Climate,Climate,Environment and Climate Change Canada
377377,null,Vancouver Aquarium,2016-04-06,Climate,Climate,Fisheries and Oceans Canada (DFO)
377485,null,NEBC Resource Municipalities Coalition,2016-04-18,Climate,Climate,Finance Canada (FIN)
377486,null,NEBC Resource Municipalities Coalition,2016-04-18,Climate,Climate,Natural Resources Canada (NRCan)
377487,null,NEBC Resource Municipalities Coalition,2016-04-18,Climate,Climate,House of Commons
377488,null,NEBC Resource Municipalities Coalition,2016-04-18,Climate,Climate,Infrastructure Canada
377489,null,NEBC Resource Municipalities Coalition,2016-04-19,Climate,Climate,House of Commons
377516,null,Evok Innovations,2016-05-11,Climate,Climate,National Research Council (NRC)
377527,null,FortisBC,2016-05-18,Climate,Climate,Prime Minister's Office (PMO)
377528,null,FortisBC,2016-05-18,Climate,Climate,Natural Resources Canada (NRCan)
377530,null,FortisBC,2016-05-18,Climate,Climate,Environment and Climate Change Canada
377539,null,Natural Resources Defense Council,2016-02-10,Climate,Climate,Global Affairs Canada
377540,null,Natural Resources Defense Council,2016-02-11,Climate,Climate,Prime Minister's Office (PMO)
378268,null,FortisBC,2016-06-03,Climate,Climate,Natural Resources Canada (NRCan)
378269,null,FortisBC,2016-06-06,Climate,Climate,Transport Canada (TC)
378270,null,FortisBC,2016-06-06,Climate,Climate,Environment and Climate Change Canada
378289,null,FortisBC,2016-06-03,Climate,Climate,House of Commons
378339,null,Innergex Renewable Energy Inc.,2016-06-07,Climate,Climate,Indigenous and Northern Affairs Canada
378341,null,Innergex Renewable Energy Inc.,2016-06-07,Climate,Climate,Environment and Climate Change Canada
378342,null,Innergex Renewable Energy Inc.,2016-06-07,Climate,Climate,Natural Resources Canada (NRCan)
378452,null,Innergex Renewable Energy Inc.,2016-06-08,Climate,Climate,"Innovation, Science and Economic Development Canada"
378738,null,Canadian Construction Innovations,2016-05-12,Climate,Climate,Natural Resources Canada (NRCan)
378741,null,Canadian Construction Innovations,2016-05-13,Climate,Climate,Natural Resources Canada (NRCan)
378742,null,Canadian Construction Innovations,2016-05-13,Climate,Climate,Infrastructure Canada
378743,null,Canadian Construction Innovations,2016-05-26,Climate,Climate,"Innovation, Science and Economic Development Canada"
379338,null,NextEra Canada Development LP,2016-05-10,Climate,Climate,Environment and Climate Change Canada
379349,null,NextEra Canada Development LP,2016-05-10,Climate,Climate,Indigenous and Northern Affairs Canada
379352,null,NextEra Canada Development LP,2016-05-19,Climate,Climate,Indigenous and Northern Affairs Canada
379431,null,NextEra Canada Development LP,2016-05-31,Climate,Climate,Natural Resources Canada (NRCan)
380121,null,"Covanta Burnaby Renewable Energy, ULC",2016-05-03,Climate,Climate,"Innovation, Science and Economic Development Canada"
380122,null,"Covanta Burnaby Renewable Energy, ULC",2016-05-03,Climate,Climate,"Innovation, Science and Economic Development Canada"
380123,null,"Covanta Burnaby Renewable Energy, ULC",2016-05-02,Climate,Climate,Prime Minister's Office (PMO)
380124,null,"Covanta Burnaby Renewable Energy, ULC",2016-05-02,Climate,Climate,Natural Resources Canada (NRCan)
380256,null,Saskatchewan Power Corporation,2016-05-19,Climate,Climate,Environment and Climate Change Canada
380336,null,Carbon Engineering,2016-06-08,Climate,Climate,Environment and Climate Change Canada
380340,null,Carbon Engineering,2016-06-08,Climate,Climate,"Innovation, Science and Economic Development Canada"
380341,null,Carbon Engineering,2016-06-08,Climate,Climate,House of Commons
380380,null,Carbon Engineering,2016-06-09,Climate,Climate,Natural Resources Canada (NRCan)
380386,null,Carbon Engineering,2016-06-09,Climate,Climate,Prime Minister's Office (PMO)
380388,null,Carbon Engineering,2016-06-09,Climate,Climate,House of Commons
380390,null,Carbon Engineering,2016-06-09,Climate,Climate,House of Commons
380392,null,Carbon Engineering,2016-06-09,Climate,Climate,Global Affairs Canada
380474,null,PEMBINA INSTITUTE,2016-06-22,Climate,Climate,Environment and Climate Change Canada
380838,null,NextEra Canada Development LP,2016-06-01,Climate,Climate,Environment and Climate Change Canada
380839,null,NextEra Canada Development LP,2016-06-14,Climate,Climate,Natural Resources Canada (NRCan)
380840,null,NextEra Canada Development LP,2016-06-23,Climate,Climate,Indigenous and Northern Affairs Canada
380842,null,NextEra Canada Development LP,2016-06-23,Climate,Climate,Prime Minister's Office (PMO)
381267,null,Unifor,2016-06-06,Climate,Climate,Environment and Climate Change Canada
381345,Suncor Énergie Inc.,Suncor Energy Inc.,2016-06-06,Climate,Climate,Environment and Climate Change Canada
381364,Suncor Énergie Inc.,Suncor Energy Inc.,2016-06-27,Climate,Climate,Natural Resources Canada (NRCan)
381578,null,Teck Resources Limited,2016-06-27,Climate,Climate,Environment and Climate Change Canada
381583,null,Teck Resources Limited,2016-06-01,Climate,Climate,Environment and Climate Change Canada
381585,null,Teck Resources Limited,2016-06-01,Climate,Climate,Natural Resources Canada (NRCan)
381711,Association canadienne de L'industrie de la chimie,Chemistry Industry Association of Canada,2016-06-16,Climate,Climate,Environment and Climate Change Canada
382064,Équiterre,null,2016-05-17,Climate,Climat,Natural Resources Canada (NRCan)
382066,Équiterre,null,2016-06-10,Climate,Climat,Environment and Climate Change Canada
382501,Suncor Énergie Inc.,Suncor Energy Inc.,2016-07-06,Climate,Climate,Environment and Climate Change Canada
382504,Suncor Énergie Inc.,Suncor Energy Inc.,2016-07-28,Climate,Climate,Environment and Climate Change Canada
382514,La Corporation Trans Mountain,Trans Mountain Corporation,2016-07-06,Climate,Climate,House of Commons
382520,La Corporation Trans Mountain,Trans Mountain Corporation,2016-07-12,Climate,Climate,House of Commons
382780,null,TELUS Corporation,2016-08-17,Climate,Climate,Environment and Climate Change Canada
382890,Terrestrial Energy Inc.,Terrestrial Energy Inc.,2016-08-18,Climate,Climate,Environment and Climate Change Canada
383160,Le Fonds Atmosphérique,The Atmospheric Fund,2016-08-03,Climate,Climate,Prime Minister's Office (PMO)
383182,Le Fonds Atmosphérique,The Atmospheric Fund,2016-08-25,Climate,Climate,Employment and Social Development Canada (ESDC)
383183,Le Fonds Atmosphérique,The Atmospheric Fund,2016-08-12,Climate,Climate,Infrastructure Canada
383316,null,Rio Tinto Canada Management Inc,2016-08-05,Climate,Climate,Environment and Climate Change Canada
383444,null,FortisBC,2016-09-13,Climate,Climate,Natural Resources Canada (NRCan)
383445,null,FortisBC,2016-09-13,Climate,Climate,Agriculture and Agri-Food Canada (AAFC)
383575,Suncor Énergie Inc.,Suncor Energy Inc.,2016-08-03,Climate,Climate,Environment and Climate Change Canada
383577,Suncor Énergie Inc.,Suncor Energy Inc.,2016-08-16,Climate,Climate,Environment and Climate Change Canada
383681,null,S2E Technologies Inc.,2016-08-17,Climate,Climate,"Innovation, Science and Economic Development Canada"
383726,Congrès du travail du Canada,Canadian Labour Congress,2016-08-23,Climate,Climate,Environment and Climate Change Canada
383749,null,Teck Resources Limited,2016-08-31,Climate,Climate,Environment and Climate Change Canada
383836,null,ENMAX Corporation,2016-08-18,Climate,Climate,Veterans Affairs Canada (VAC)
383844,null,PEMBINA INSTITUTE,2016-07-13,Climate,Climate,House of Commons
383846,null,PEMBINA INSTITUTE,2016-07-14,Climate,Climate,House of Commons
383979,null,Friends of the Greenbelt Foundation,2016-09-12,Climate,Climate,Natural Resources Canada (NRCan)
384015,null,CircuitMeter,2016-09-14,Climate,Climate,Environment and Climate Change Canada
384016,null,Energy Storage Canada,2016-09-14,Climate,Climate,Environment and Climate Change Canada
384020,null,Canada Clean Fuels,2016-09-14,Climate,Climate,Environment and Climate Change Canada
384196,Association canadienne de L'hydroélectricité,Canadian Hydropower Association,2016-09-21,Climate,Climate,Fisheries and Oceans Canada (DFO)
384246,Équiterre,null,2016-09-08,Climate,Climat,Environment and Climate Change Canada
384249,Équiterre,null,2016-09-13,Climate,Climat,Environment and Climate Change Canada
384250,Équiterre,null,2016-09-20,Climate,Climat,Environment and Climate Change Canada
384251,Équiterre,null,2016-09-22,Climate,Climat,Natural Resources Canada (NRCan)
384494,Conseil du batiment durable au Canada,Canada Green Building Council,2016-09-21,Climate,Climate,Natural Resources Canada (NRCan)
384496,Conseil du batiment durable au Canada,Canada Green Building Council,2016-09-21,Climate,Climate,Public Services and Procurement Canada
384500,Conseil du batiment durable au Canada,Canada Green Building Council,2016-09-21,Climate,Climate,Environment and Climate Change Canada
384621,null,Canadian Climate Forum,2016-09-08,Climate,Climate,Environment and Climate Change Canada
384894,Conseil du batiment durable au Canada,Canada Green Building Council,2016-09-28,Climate,Climate,Finance Canada (FIN)
384897,Conseil du batiment durable au Canada,Canada Green Building Council,2016-09-28,Climate,Climate,Infrastructure Canada
384919,Conseil du batiment durable au Canada,Canada Green Building Council,2016-09-28,Climate,Climate,Privy Council Office (PCO)
384920,Conseil du batiment durable au Canada,Canada Green Building Council,2016-09-28,Climate,Climate,Environment and Climate Change Canada
384993,null,ENMAX Corporation,2016-09-01,Climate,Climate,Canadian Heritage (PCH)
385122,null,ConocoPhillips Canada Resources Corp.,2016-09-19,Climate,Climate,Environment and Climate Change Canada
385276,Conseil du batiment durable au Canada,Canada Green Building Council,2016-10-13,Climate,Climate,Natural Resources Canada (NRCan)
385312,Conseil du batiment durable au Canada,Canada Green Building Council,2016-09-20,Climate,Climate,Environment and Climate Change Canada
385600,null,Teck Resources Limited,2016-09-20,Climate,Climate,Environment and Climate Change Canada
385608,null,Teck Resources Limited,2016-09-13,Climate,Climate,Natural Resources Canada (NRCan)
385610,null,Teck Resources Limited,2016-09-13,Climate,Climate,Environment and Climate Change Canada
385621,Conseil du bâtiment durable du Canada.,Canada Green Building Council,2016-09-07,Climate,Climate,Natural Resources Canada (NRCan)
385625,null,Friends of the Greenbelt Foundation,2016-09-12,Climate,Climate,Natural Resources Canada (NRCan)
385629,Conseil du bâtiment durable du Canada.,Canada Green Building Council,2016-09-20,Climate,Climate,Public Services and Procurement Canada
385641,Conseil du bâtiment durable du Canada.,Canada Green Building Council,2016-09-28,Climate,Climate,Environment and Climate Change Canada
385650,Conseil du bâtiment durable du Canada.,Canada Green Building Council,2016-09-30,Climate,Climate,Treasury Board Of Canada Secretariat (TBS)
385655,null,Friends of the Greenbelt Foundation,2016-09-21,Climate,Climate,Finance Canada (FIN)
385660,null,Friends of the Greenbelt Foundation,2016-09-21,Climate,Climate,Natural Resources Canada (NRCan)
385663,null,Friends of the Greenbelt Foundation,2016-09-21,Climate,Climate,House of Commons
385816,null,TransAlta Corporation,2016-09-22,Climate,Climate,Prime Minister's Office (PMO)
385818,null,TransAlta Corporation,2016-09-22,Climate,Climate,Environment and Climate Change Canada
386167,null,Energy Storage Canada,2016-10-18,Climate,Climate,House of Commons
386244,Industries Renouvelables Canada,Renewable Industries Canada,2016-10-13,Climate,Climate,Environment and Climate Change Canada
386449,Association canadienne de L'hydroélectricité,Canadian Hydropower Association,2016-10-24,Climate,Climate,Environment and Climate Change Canada
386450,Association canadienne de L'hydroélectricité,Canadian Hydropower Association,2016-10-26,Climate,Climate,Natural Resources Canada (NRCan)
386475,null,The Canadian Geothermal Energy Association (CanGEA),2016-10-05,Climate,Climate,Environment and Climate Change Canada
386785,null,The Canadian Geothermal Energy Association (CanGEA),2016-10-03,Climate,Climate,Natural Resources Canada (NRCan)
386906,Équiterre,null,2016-10-28,Climate,Climat,Environment and Climate Change Canada
386914,Équiterre,null,2016-10-04,Climate,Climat,Environment and Climate Change Canada
387049,null,Canadian Climate Forum,2016-10-26,Climate,Climate,Public Safety Canada (PS)
387053,null,Canadian Climate Forum,2016-10-18,Climate,Climate,Infrastructure Canada
387117,La Chambre de commerce du Canada,Canadian Chamber of Commerce,2016-10-06,Climate,Climate,House of Commons
387141,La Chambre de commerce du Canada,Canadian Chamber of Commerce,2016-10-24,Climate,Climate,House of Commons
387356,Association des produits forestiers du Canada,Forest Products Association of Canada,2016-11-07,Climate,Climate,House of Commons
387367,null,ConocoPhillips Canada Resources Corp.,2016-10-13,Climate,Climate,Environment and Climate Change Canada
387368,null,ConocoPhillips Canada Resources Corp.,2016-10-14,Climate,Climate,Environment and Climate Change Canada
387730,Le Fonds Atmosphérique,The Atmospheric Fund,2016-10-04,Climate,Climate,Infrastructure Canada
387735,Le Fonds Atmosphérique,The Atmospheric Fund,2016-10-05,Climate,Climate,Infrastructure Canada
387739,Le Fonds Atmosphérique,The Atmospheric Fund,2016-10-13,Climate,Climate,Infrastructure Canada
387742,Le Fonds Atmosphérique,The Atmospheric Fund,2016-10-18,Climate,Climate,Infrastructure Canada
387775,null,NextEra Canada Development LP,2016-10-31,Climate,Climate,Infrastructure Canada
387927,null,Teck Resources Limited,2016-10-12,Climate,Climate,Environment and Climate Change Canada
387932,null,Teck Resources Limited,2016-10-12,Climate,Climate,Privy Council Office (PCO)
387934,null,Teck Resources Limited,2016-10-12,Climate,Climate,Prime Minister's Office (PMO)
387995,Conseil du bâtiment durable du Canada.,Canada Green Building Council,2016-10-13,Climate,Climate,Natural Resources Canada (NRCan)
388019,A L'action,LeadNow Society,2016-10-24,Climate,Climate,House of Commons
388022,A L'action,LeadNow Society,2016-10-24,Climate,Climate,House of Commons
388025,A L'action,LeadNow Society,2016-10-24,Climate,Climate,House of Commons
388027,A L'action,LeadNow Society,2016-10-25,Climate,Climate,House of Commons
388028,A L'action,LeadNow Society,2016-10-25,Climate,Climate,House of Commons
388136,Alliance des manufacturiers et des exportateurs du Canada (MEC),Alliance of Manufacturers & Exporters Canada (CME),2016-10-13,Climate,Climate,Senate of Canada
388137,Alliance des manufacturiers et des exportateurs du Canada (MEC),Alliance of Manufacturers & Exporters Canada (CME),2016-10-18,Climate,Climate,House of Commons
388476,Suncor Énergie Inc.,Suncor Energy Inc.,2016-10-17,Climate,Climate,Natural Resources Canada (NRCan)
388481,Suncor Énergie Inc.,Suncor Energy Inc.,2016-10-18,Climate,Climate,Environment and Climate Change Canada
388504,Suncor Énergie Inc.,Suncor Energy Inc.,2016-10-04,Climate,Climate,Environment and Climate Change Canada
388507,Suncor Énergie Inc.,Suncor Energy Inc.,2016-10-25,Climate,Climate,Environment and Climate Change Canada
388745,null,GREENPEACE CANADA,2016-10-26,Climate,Climate,Environment and Climate Change Canada
388930,Équiterre,null,2016-11-22,Climate,Climat,Environment and Climate Change Canada
389343,Économie verte Canada,Green Economy Canada,2016-09-30,Climate,Climate,Federal Economic Development Agency for Southern Ontario (FedDev) 
389406,Constructeurs mondiaux d'automobiles du Canada,Global Automakers of Canada,2016-12-05,Climate,Climate,Transport Canada (TC)
389412,Groupe PureSphera inc.,null,2016-11-22,Climate,Climat,Environment and Climate Change Canada
389529,Équiterre,null,2016-11-09,Climate,Climat,Environment and Climate Change Canada
389530,Équiterre,null,2016-12-02,Climate,Climat,Environment and Climate Change Canada
389623,Équiterre,null,2016-11-15,Climate,Climat,Environment and Climate Change Canada
389706,null,NextEra Canada Development LP,2016-11-07,Climate,Climate,Indigenous and Northern Affairs Canada
389709,null,NextEra Canada Development LP,2016-11-08,Climate,Climate,Infrastructure Canada
389713,Le Fonds Atmosphérique,The Atmospheric Fund,2016-11-10,Climate,Climate,Environment and Climate Change Canada
389719,Le Fonds Atmosphérique,The Atmospheric Fund,2016-11-18,Climate,Climate,Infrastructure Canada
390931,Conseil du bâtiment durable du Canada.,Canada Green Building Council,2016-11-01,Climate,Climate,Environment and Climate Change Canada
391168,null,Rio Tinto Aluminium,2016-11-16,Climate,Climate,Natural Resources Canada (NRCan)
391291,Association Canadienne du Propane,Canadian Propane Association,2016-11-28,Climate,Climate,Environment and Climate Change Canada
391511,Suncor Énergie Inc.,Suncor Energy Inc.,2016-11-25,Climate,Climate,Environment and Climate Change Canada
391526,Suncor Énergie Inc.,Suncor Energy Inc.,2016-11-29,Climate,Climate,Prime Minister's Office (PMO)
391653,null,Teck Resources Limited,2016-11-24,Climate,Climate,Prime Minister's Office (PMO)
391743,null,Innergex Renewable Energy Inc.,2016-12-16,Climate,Climate,Environment and Climate Change Canada
391831,null,"Covanta Burnaby Renewable Energy, ULC",2016-11-17,Climate,Climate,Infrastructure Canada
391832,null,"Covanta Burnaby Renewable Energy, ULC",2016-12-05,Climate,Climate,Privy Council Office (PCO)
391834,null,"Covanta Burnaby Renewable Energy, ULC",2016-12-06,Climate,Climate,Environment and Climate Change Canada
391966,null,Friends of the Greenbelt Foundation,2016-12-16,Climate,Climate,Agriculture and Agri-Food Canada (AAFC)
392225,Équiterre,null,2016-12-09,Climate,Climat,Environment and Climate Change Canada
392312,null,GENERAL ELECTRIC CANADA,2016-12-22,Climate,Climate,House of Commons
392328,La Chambre de commerce du Canada,Canadian Chamber of Commerce,2016-12-14,Climate,Climate,Environment and Climate Change Canada
392336,null,ENMAX Corporation,2016-12-01,Climate,Climate,Environment and Climate Change Canada
392343,null,CircuitMeter,2017-01-06,Climate,Climate,Natural Resources Canada (NRCan)
392408,null,PEMBINA INSTITUTE,2016-12-05,Climate,Climate,House of Commons
392452,Association nucléaire canadienne,Canadian Nuclear Association,2016-12-13,Climate,Climate,House of Commons
392456,Conseil du bâtiment durable du Canada.,Canada Green Building Council,2016-12-13,Climate,Climate,Infrastructure Canada
392547,Le Fonds Atmosphérique,The Atmospheric Fund,2016-12-13,Climate,Climate,Environment and Climate Change Canada
392574,Le Fonds Atmosphérique,The Atmospheric Fund,2016-12-22,Climate,Climate,Natural Resources Canada (NRCan)
392583,null,Repsol Oil & Gas Canada Inc.,2016-12-14,Climate,Climate,Environment and Climate Change Canada
392837,null,Teck Resources Limited,2016-12-02,Climate,Climate,Prime Minister's Office (PMO)
392858,Conseil du bâtiment durable du Canada.,Canada Green Building Council,2017-01-08,Climate,Climate,National Defence (DND)
392859,Conseil du bâtiment durable du Canada.,Canada Green Building Council,2017-01-09,Climate,Climate,Treasury Board Of Canada Secretariat (TBS)
392971,null,Energy Storage Canada,2017-01-19,Climate,Climate,Infrastructure Canada
393005,null,S2E Technologies Inc.,2017-01-23,Climate,Climate,Finance Canada (FIN)
393006,null,S2E Technologies Inc.,2017-01-23,Climate,Climate,Natural Resources Canada (NRCan)
393007,null,S2E Technologies Inc.,2017-01-23,Climate,Climate,Environment and Climate Change Canada
393008,null,S2E Technologies Inc.,2017-01-23,Climate,Climate,Prime Minister's Office (PMO)
393143,null,"Canadian Solar (USA), Inc.",2017-01-30,Climate,Climat,Finance Canada (FIN)
393144,null,"Canadian Solar (USA), Inc.",2017-01-30,Climate,Climat,Treasury Board Of Canada Secretariat (TBS)
393145,null,"Canadian Solar (USA), Inc.",2017-01-30,Climate,Climat,House of Commons
393146,null,"Canadian Solar (USA), Inc.",2017-01-31,Climate,Climat,House of Commons
393147,null,"Canadian Solar (USA), Inc.",2017-01-31,Climate,Climat,"Innovation, Science and Economic Development Canada"
393148,null,"Canadian Solar (USA), Inc.",2017-01-31,Climate,Climat,Natural Resources Canada (NRCan)
393149,null,"Canadian Solar (USA), Inc.",2017-01-31,Climate,Climat,House of Commons
393233,null,CircuitMeter,2017-02-02,Climate,Climate,House of Commons
393475,Équiterre,null,2017-01-31,Climate,Climat,Finance Canada (FIN)
393712,Le Fonds Atmosphérique,The Atmospheric Fund,2017-01-12,Climate,Climate,Natural Resources Canada (NRCan)
393991,Groupe PureSphera inc.,null,2017-02-14,Climate,Climat,Environment and Climate Change Canada
394029,Bureau D'Assurance du Canada,Insurance Bureau of Canada,2017-01-06,Climate,Climate,Finance Canada (FIN)
394034,Bureau D'Assurance du Canada,Insurance Bureau of Canada,2017-01-27,Climate,Climate,Finance Canada (FIN)
394037,Bureau D'Assurance du Canada,Insurance Bureau of Canada,2017-01-30,Climate,Climate,Finance Canada (FIN)
394404,Conseil du bâtiment durable du Canada.,Canada Green Building Council,2017-01-27,Climate,Climate,Treasury Board Of Canada Secretariat (TBS)
394451,null,Teck Resources Limited,2017-01-31,Climate,Climate,Environment and Climate Change Canada
395120,La Chambre de commerce du Canada,Canadian Chamber of Commerce,2017-02-28,Climate,Climate,House of Commons
395130,null,The Canadian Geothermal Energy Association (CanGEA),2017-02-27,Climate,Climate,Environment and Climate Change Canada
395249,null,EcoJustice,2017-02-23,Climate,Climate,House of Commons
395332,null,Canadian Solar Industries Association,2017-03-06,Climate,Climate,Natural Resources Canada (NRCan)
395334,null,CircuitMeter,2017-03-06,Climate,Climate,Natural Resources Canada (NRCan)
395377,Équiterre,null,2017-02-06,Climate,Climat,Health Canada (HC)
395382,Équiterre,null,2017-02-24,Climate,Climat,Environment and Climate Change Canada
395389,Équiterre,null,2017-02-06,Climate,Climat,House of Commons
395390,Équiterre,null,2017-02-06,Climate,Climat,House of Commons
395392,Équiterre,null,2017-02-06,Climate,Climat,House of Commons
395497,null,Sustainable Waterloo Region,2017-02-28,Climate,Climate,House of Commons
395768,null,Canadian Canola Growers Association,2017-02-16,Climate,Climate,House of Commons
396231,Le Fonds Atmosphérique,The Atmospheric Fund,2017-02-01,Climate,Climate,Infrastructure Canada
396248,Le Fonds Atmosphérique,The Atmospheric Fund,2017-02-22,Climate,Climate,Natural Resources Canada (NRCan)
396267,Conseil du bâtiment durable du Canada.,Canada Green Building Council,2017-02-02,Climate,Climate,Natural Resources Canada (NRCan)
396284,Conseil du bâtiment durable du Canada.,Canada Green Building Council,2017-02-08,Climate,Climate,Environment and Climate Change Canada
396318,null,Council of Canadian Innovators,2017-02-15,Climate,Climate,"Innovation, Science and Economic Development Canada"
396566,null,ENMAX Corporation,2017-02-24,Climate,Climate,Infrastructure Canada
396785,La Chambre de commerce du Canada,Canadian Chamber of Commerce,2017-02-27,Climate,Climate,Environment and Climate Change Canada
396987,Suncor Énergie Inc.,Suncor Energy Inc.,2017-02-15,Climate,Climate,Environment and Climate Change Canada
397185,A L'action,LeadNow Society,2016-11-23,Climate,Climate,Environment and Climate Change Canada
398116,null,ALUS Canada,2017-04-06,Climate,Climate,Natural Resources Canada (NRCan)
398229,null,Canadian Natural Resources Limited,2017-04-04,Climate,Climate,Environment and Climate Change Canada
398231,null,Canadian Natural Resources Limited,2017-04-04,Climate,Climate,Natural Resources Canada (NRCan)
398233,null,Sustainable Waterloo Region,2017-03-31,Climate,Climate,House of Commons
398852,Association Canadienne des Producteurs Pétroliers,Canadian Association of Petroleum Producers,2017-03-08,Climate,Climate,"Innovation, Science and Economic Development Canada"
398929,null,Teck Resources Limited,2017-03-23,Climate,Climate,Environment and Climate Change Canada
398937,null,Teck Resources Limited,2017-03-24,Climate,Climate,Privy Council Office (PCO)
398959,null,Teck Resources Limited,2017-03-24,Climate,Climate,Finance Canada (FIN)
399043,null,Council of Canadian Innovators,2017-03-10,Climate,Climate,Environment and Climate Change Canada
399046,null,Council of Canadian Innovators,2017-03-15,Climate,Climate,Environment and Climate Change Canada
399049,null,Council of Canadian Innovators,2017-03-21,Climate,Climate,"Innovation, Science and Economic Development Canada"
399052,null,Council of Canadian Innovators,2017-03-24,Climate,Climate,"Innovation, Science and Economic Development Canada"
399377,Corporation Rain Tree,Raintree Corporation,2017-03-30,Climate,Climat,Global Affairs Canada
399378,Corporation Rain Tree,Raintree Corporation,2017-03-30,Climate,Climat,Export Development Canada (EDC)
399379,Corporation Rain Tree,Raintree Corporation,2017-03-30,Climate,Climat,Canadian Commercial Corporation (CCC)
399380,Corporation Rain Tree,Raintree Corporation,2017-03-30,Climate,Climat,Global Affairs Canada
399381,Corporation Rain Tree,Raintree Corporation,2017-03-31,Climate,Climat,Natural Resources Canada (NRCan)
399431,null,Tesla Motors Canada ULC,2017-04-24,Climate,Climate,Environment and Climate Change Canada
399728,null,Loblaw Companies Limited,2017-04-21,Climate,Climate,House of Commons
399880,Équiterre,null,2017-04-03,Climate,Climat,Environment and Climate Change Canada
399888,Équiterre,null,2017-04-07,Climate,Climat,Environment and Climate Change Canada
399889,Équiterre,null,2017-04-18,Climate,Climat,Transport Canada (TC)
399890,null,NextEra Canada Development LP,2017-04-06,Climate,Climate,Natural Resources Canada (NRCan)
399891,null,NextEra Canada Development LP,2017-04-06,Climate,Climate,Infrastructure Canada
399902,Groupe Co-operators limitée,The Co-operators Group Ltd.,2017-04-04,Climate,Climate,Environment and Climate Change Canada
399921,null,H2GO Canada Inc.,2017-04-27,Climate,Climate,Infrastructure Canada
399922,null,H2GO Canada Inc.,2017-04-27,Climate,Climate,Transport Canada (TC)
399923,null,H2GO Canada Inc.,2017-04-27,Climate,Climate,Treasury Board Of Canada Secretariat (TBS)
399924,null,H2GO Canada Inc.,2017-04-27,Climate,Climate,Infrastructure Canada
399925,null,H2GO Canada Inc.,2017-04-27,Climate,Climate,Transport Canada (TC)
399926,null,H2GO Canada Inc.,2017-04-27,Climate,Climate,Treasury Board Of Canada Secretariat (TBS)
401003,Conseil du bâtiment durable du Canada.,Canada Green Building Council,2017-04-12,Climate,Climate,Public Services and Procurement Canada
401049,null,PEMBINA INSTITUTE,2017-04-24,Climate,Climate,Environment and Climate Change Canada
401220,null,Tesla Motors Canada ULC,2017-05-17,Climate,Climate,Environment and Climate Change Canada
401225,null,Tesla Motors Canada ULC,2017-05-17,Climate,Climate,Natural Resources Canada (NRCan)
401226,null,Tesla Motors Canada ULC,2017-05-17,Climate,Climate,Transport Canada (TC)
401227,null,Tesla Motors Canada ULC,2017-05-17,Climate,Climate,Treasury Board Of Canada Secretariat (TBS)
401228,null,Tesla Motors Canada ULC,2017-05-17,Climate,Climate,Prime Minister's Office (PMO)
401263,null,Natural Resources Defense Council,2017-04-25,Climate,Climate,Environment and Climate Change Canada
401833,null,ConocoPhillips Canada Resources Corp.,2017-05-29,Climate,Climate,Environment and Climate Change Canada
401913,Association des fabricants d'appareils électroménagers Canada,Association of Home Appliance Manufacturers Canada,2017-04-13,Climate,Climate,Senate of Canada
401982,Association canadienne de L'énergie éolienne,Canadian Wind Energy Association,2017-05-17,Climate,Climate,House of Commons
401983,Association canadienne de L'énergie éolienne,Canadian Wind Energy Association,2017-05-17,Climate,Climate,Privy Council Office (PCO)
401986,Association canadienne de L'énergie éolienne,Canadian Wind Energy Association,2017-05-18,Climate,Climate,House of Commons
401987,Association canadienne de L'énergie éolienne,Canadian Wind Energy Association,2017-05-18,Climate,Climate,Infrastructure Canada
401988,Association canadienne de L'énergie éolienne,Canadian Wind Energy Association,2017-05-17,Climate,Climate,Environment and Climate Change Canada
401990,null,MaRS Discovery District,2017-05-25,Climate,Climate,Natural Resources Canada (NRCan)
401992,null,MaRS Discovery District,2017-05-25,Climate,Climate,Treasury Board Of Canada Secretariat (TBS)
402205,Équiterre,null,2017-05-17,Climate,Climat,Environment and Climate Change Canada
402265,null,North Atlantic Refinery Ltd.,2017-05-30,Climate,Climate,Environment and Climate Change Canada
402270,null,North Atlantic Refinery Ltd.,2017-05-30,Climate,Climate,House of Commons
402682,null,NextEra Canada Development LP,2017-05-01,Climate,Climate,Natural Resources Canada (NRCan)
403249,null,ENMAX Corporation,2017-05-29,Climate,Climate,Environment and Climate Change Canada
403250,null,ENMAX Corporation,2017-05-29,Climate,Climate,Environment and Climate Change Canada
403251,null,Tesla Motors Canada ULC,2017-05-24,Climate,Climate,Transport Canada (TC)
403252,null,Tesla Motors Canada ULC,2017-05-24,Climate,Climate,Environment and Climate Change Canada
403302,null,"REPSOL, SA",2017-05-09,Climate,Climate,Environment and Climate Change Canada
403588,Association canadienne des carburants,Canadian Fuels Association,2017-05-18,Climate,Climate,Environment and Climate Change Canada
403615,Conseil du bâtiment durable du Canada.,Canada Green Building Council,2017-05-18,Climate,Climate,Natural Resources Canada (NRCan)
403698,null,Mosaic,2017-05-25,Climate,Climate,Natural Resources Canada (NRCan)
403700,null,Mosaic,2017-05-24,Climate,Climate,Environment and Climate Change Canada
404129,Citoyens pour une politique juste,Citizens for Public Justice,2017-05-04,Climate,Climate,House of Commons
404130,Citoyens pour une politique juste,Citizens for Public Justice,2017-05-09,Climate,Climate,House of Commons
404135,Citoyens pour une politique juste,Citizens for Public Justice,2017-06-05,Climate,Climate,House of Commons
404138,Citoyens pour une politique juste,Citizens for Public Justice,2017-06-16,Climate,Climate,House of Commons
404550,Équiterre,null,2017-06-06,Climate,Climat,Prime Minister's Office (PMO)
404551,Équiterre,null,2017-06-08,Climate,Climat,"Innovation, Science and Economic Development Canada"
404552,Équiterre,null,2017-06-14,Climate,Climat,Prime Minister's Office (PMO)
405042,null,NextEra Canada Development LP,2017-06-26,Climate,Climate,Infrastructure Canada
405043,null,NextEra Canada Development LP,2017-06-26,Climate,Climate,Infrastructure Canada
405121,null,Nova Scotia Power Incorporated,2017-06-27,Climate,Climate,Environment and Climate Change Canada
405249,Conseil du bâtiment durable du Canada.,Canada Green Building Council,2017-06-14,Climate,Climate,Natural Resources Canada (NRCan)
405257,Conseil du bâtiment durable du Canada.,Canada Green Building Council,2017-06-28,Climate,Climate,Environment and Climate Change Canada
405261,Conseil du bâtiment durable du Canada.,Canada Green Building Council,2017-06-29,Climate,Climate,Employment and Social Development Canada (ESDC)
405325,null,The International CCS Knowledge Centre,2017-06-28,Climate,Climate,Environment and Climate Change Canada
405327,null,The International CCS Knowledge Centre,2017-06-28,Climate,Climate,Environment and Climate Change Canada
405515,null,"Covanta Burnaby Renewable Energy, ULC",2017-06-14,Climate,Climate,Public Services and Procurement Canada
405523,null,"Covanta Burnaby Renewable Energy, ULC",2017-06-14,Climate,Climate,Environment and Climate Change Canada
405595,null,S2E Technologies Inc.,2017-06-20,Climate,Climate,Canadian Northern Economic Development Agency (CanNor)
405598,null,S2E Technologies Inc.,2017-06-20,Climate,Climate,Canadian Northern Economic Development Agency (CanNor)
406018,null,Canadian Natural Resources Limited,2017-07-20,Climate,Climate,Environment and Climate Change Canada
406019,null,Canadian Natural Resources Limited,2017-07-20,Climate,Climate,Environment and Climate Change Canada
406020,null,Canadian Natural Resources Limited,2017-07-20,Climate,Climate,Natural Resources Canada (NRCan)
406507,Toyota Canada Inc. (via Casacom),Toyota Canada Inc. (through Casacom),2017-07-04,Climate,Climate,"Innovation, Science and Economic Development Canada"
406518,Toyota Canada Inc. (via Casacom),Toyota Canada Inc. (through Casacom),2017-07-27,Climate,Climate,"Innovation, Science and Economic Development Canada"
406606,null,North Atlantic Refinery Ltd.,2017-07-25,Climate,Climate,Environment and Climate Change Canada
406625,null,Tesla Motors Canada ULC,2017-07-17,Climate,Climate,Natural Resources Canada (NRCan)
406953,Suncor Énergie Inc.,Suncor Energy Inc.,2017-07-11,Climate,Climate,Environment and Climate Change Canada
407377,Conseil du batiment durable au Canada,Canada Green Building Council,2017-08-30,Climate,Climate,Environment and Climate Change Canada
407394,Association canadienne des carburants,Canadian Fuels Association,2017-08-31,Climate,Climate,Environment and Climate Change Canada
407764,null,BUSINESS COUNCIL OF BRITISH COLUMBIA,2017-08-24,Climate,Climate,Environment and Climate Change Canada
407779,null,Tesla Motors Canada ULC,2017-08-28,Climate,Climate,Transport Canada (TC)
407780,null,Tesla Motors Canada ULC,2017-08-30,Climate,Climate,Transport Canada (TC)
407868,Équiterre,null,2017-08-02,Climate,Climat,Transport Canada (TC)
407869,Équiterre,null,2017-08-02,Climate,Climat,"Innovation, Science and Economic Development Canada"
407914,Suncor Énergie Inc.,Suncor Energy Inc.,2017-08-23,Climate,Climate,Environment and Climate Change Canada
407965,Conseil du bâtiment durable du Canada.,Canada Green Building Council,2017-08-30,Climate,Climate,Environment and Climate Change Canada
407966,Conseil du bâtiment durable du Canada.,Canada Green Building Council,2017-08-31,Climate,Climate,Environment and Climate Change Canada
408209,null,Sustainable Waterloo Region,2017-08-17,Climate,Climate,House of Commons
408212,null,Sustainable Waterloo Region,2017-08-23,Climate,Climate,House of Commons
408216,null,Sustainable Waterloo Region,2017-09-12,Climate,Climate,House of Commons
408219,null,Sustainable Waterloo Region,2017-09-12,Climate,Climate,House of Commons
408510,null,Canadian Natural Resources Limited,2017-09-26,Climate,Climate,Environment and Climate Change Canada
408837,null,Federated Co-operatives Limited,2017-09-26,Climate,Climate,Prime Minister's Office (PMO)
408847,null,North Atlantic Refinery Ltd.,2017-09-20,Climate,Climate,House of Commons
408848,null,North Atlantic Refinery Ltd.,2017-09-21,Climate,Climate,Environment and Climate Change Canada
409002,Équiterre,null,2017-09-21,Climate,Climat,Natural Resources Canada (NRCan)
409014,Équiterre,null,2017-09-26,Climate,Climat,Environment and Climate Change Canada
409418,null,BUSINESS COUNCIL OF BRITISH COLUMBIA,2017-09-28,Climate,Climate,National Energy Board (NEB)
409498,null,Tesla Motors Canada ULC,2017-10-11,Climate,Climate,Transport Canada (TC)
409503,null,Tesla Motors Canada ULC,2017-10-05,Climate,Climate,Transport Canada (TC)
409505,null,Tesla Motors Canada ULC,2017-09-28,Climate,Climate,Natural Resources Canada (NRCan)
409603,null,Canadian Natural Resources Limited,2017-10-06,Climate,Climate,Environment and Climate Change Canada
410125,null,AltaGas Ltd.,2017-09-25,Climate,Climate,Environment and Climate Change Canada
410126,null,AltaGas Ltd.,2017-09-26,Climate,Climate,Natural Resources Canada (NRCan)
410129,null,AltaGas Ltd.,2017-09-26,Climate,Climate,Environment and Climate Change Canada
410249,Citoyens pour une politique juste,Citizens for Public Justice,2017-10-03,Climate,Climate,House of Commons
410400,Citoyens pour une politique juste,Citizens for Public Justice,2017-10-17,Climate,Climate,House of Commons
410422,null,Terra International (Canada) Inc.,2017-10-02,Climate,Climate,Environment and Climate Change Canada
410431,Le Groupe Océan Inc.,Ocean Group Inc.,2017-10-17,Climate,Climate,Global Affairs Canada
410726,The Optical Society (OSA),The Optical Society (OSA),2017-10-19,Climate,Climate,Natural Resources Canada (NRCan)
410810,Association canadienne du ciment,Cement Association of Canada,2017-10-17,Climate,Climate,House of Commons
410813,Association canadienne du ciment,Cement Association of Canada,2017-10-17,Climate,Climate,House of Commons
410814,Association canadienne du ciment,Cement Association of Canada,2017-10-17,Climate,Climate,Natural Resources Canada (NRCan)
410815,Association canadienne du ciment,Cement Association of Canada,2017-10-17,Climate,Climate,House of Commons
410822,Association canadienne du ciment,Cement Association of Canada,2017-10-18,Climate,Climate,House of Commons
410848,Association des produits forestiers du Canada,Forest Products Association of Canada,2017-10-23,Climate,Climate,House of Commons
411065,The Optical Society (OSA),The Optical Society (OSA),2017-10-19,Climate,Climate,Natural Resources Canada (NRCan)
411357,null,"Covanta Burnaby Renewable Energy, ULC",2017-11-02,Climate,Climate,House of Commons
411434,null,ConocoPhillips Canada Resources Corp.,2017-10-10,Climate,Climate,Environment and Climate Change Canada
411502,null,Domtar Inc.,2017-10-17,Climate,Climate,Environment and Climate Change Canada
411507,null,BHE Canada L.P.,2017-10-05,Climate,Climate,Environment and Climate Change Canada
411856,null,MasonryWorx,2017-10-17,Climate,Climate,House of Commons
411857,null,MasonryWorx,2017-10-17,Climate,Climate,House of Commons
411858,null,MasonryWorx,2017-10-18,Climate,Climate,House of Commons
411859,null,MasonryWorx,2017-10-18,Climate,Climate,House of Commons
411921,null,Canadian Canola Growers Association,2017-11-07,Climate,Climate,House of Commons
412205,null,NextEra Canada Development LP,2017-10-26,Climate,Climate,Natural Resources Canada (NRCan)
412402,Conseil du bâtiment durable du Canada.,Canada Green Building Council,2017-10-19,Climate,Climate,Finance Canada (FIN)
412403,Conseil du bâtiment durable du Canada.,Canada Green Building Council,2017-10-20,Climate,Climate,Treasury Board Of Canada Secretariat (TBS)
412408,null,Samsung Renewable Energy Inc.,2017-10-17,Climate,Climate,Environment and Climate Change Canada
412446,null,Agrisoma Biosciences Inc.,2017-10-16,Climate,Climate,House of Commons
412538,null,Tesla Motors Canada ULC,2017-10-10,Climate,Climate,Transport Canada (TC)
412625,null,Nsolv Corporation,2017-10-26,Climate,Climate,Environment and Climate Change Canada
412633,null,Nsolv Corporation,2017-10-26,Climate,Climate,Natural Resources Canada (NRCan)
412635,null,Nsolv Corporation,2017-10-26,Climate,Climate,"Innovation, Science and Economic Development Canada"
412842,Équiterre,null,2017-10-16,Climate,Climat,Prime Minister's Office (PMO)
412851,Équiterre,null,2017-10-25,Climate,Climat,Transport Canada (TC)
412992,null,Nsolv Corporation,2017-10-26,Climate,Climate,Environment and Climate Change Canada
413153,Mobilité Électrique Canada,Electric Mobility Canada,2017-09-25,Climate,Climate,Transport Canada (TC)
413171,Mobilité Électrique Canada,Electric Mobility Canada,2017-11-07,Climate,Climate,House of Commons
413209,Mobilité Électrique Canada,Electric Mobility Canada,2017-10-11,Climate,Climate,Prime Minister's Office (PMO)
413240,Lobby Climatique des Citoyens,Citizens' Climate Lobby Canada,2017-10-23,Climate,Climate,Senate of Canada
413243,Lobby Climatique des Citoyens,Citizens' Climate Lobby Canada,2017-10-23,Climate,Climate,House of Commons
413244,Lobby Climatique des Citoyens,Citizens' Climate Lobby Canada,2017-10-12,Climate,Climate,House of Commons
413250,Lobby Climatique des Citoyens,Citizens' Climate Lobby Canada,2017-10-24,Climate,Climate,House of Commons
413259,Lobby Climatique des Citoyens,Citizens' Climate Lobby Canada,2017-10-24,Climate,Climate,Senate of Canada
413267,Lobby Climatique des Citoyens,Citizens' Climate Lobby Canada,2017-10-24,Climate,Climate,House of Commons
413268,Lobby Climatique des Citoyens,Citizens' Climate Lobby Canada,2017-10-23,Climate,Climate,House of Commons
413319,L'association minière du Canada (AMC),The Mining Association of Canada (MAC),2017-10-11,Climate,Climate,Environment and Climate Change Canada
415329,null,Tesla Motors Canada ULC,2017-11-29,Climate,Climate,Environment and Climate Change Canada
415330,null,Tesla Motors Canada ULC,2017-11-29,Climate,Climate,Environment and Climate Change Canada
415332,null,Tesla Motors Canada ULC,2017-11-29,Climate,Climate,Transport Canada (TC)
415337,null,Tesla Motors Canada ULC,2017-11-16,Climate,Climate,Transport Canada (TC)
415425,Équiterre,null,2017-11-06,Climate,Climat,Prime Minister's Office (PMO)
415426,Équiterre,null,2017-11-30,Climate,Climat,Prime Minister's Office (PMO)
415491,null,KRUGER INC.,2017-12-12,Climate,Climate,"Innovation, Science and Economic Development Canada"
415646,null,Canadian Natural Resources Limited,2017-11-07,Climate,Climate,House of Commons
415648,null,Canadian Natural Resources Limited,2017-11-07,Climate,Climate,House of Commons
415649,null,Canadian Natural Resources Limited,2017-11-07,Climate,Climate,House of Commons
415652,null,Canadian Natural Resources Limited,2017-11-07,Climate,Climate,Canadian Heritage (PCH)
415656,null,Canadian Natural Resources Limited,2017-11-07,Climate,Climate,House of Commons
415661,null,Canadian Natural Resources Limited,2017-11-07,Climate,Climate,House of Commons
415783,null,Mosaic,2017-11-24,Climate,Climate,Canadian Environmental Assessment Agency (CEAA)
416552,null,Rio Tinto Aluminium,2017-11-01,Climate,Climate,"Innovation, Science and Economic Development Canada"
416554,null,Rio Tinto Aluminium,2017-11-01,Climate,Climate,Global Affairs Canada
417610,null,Federated Co-operatives Limited,2017-12-01,Climate,Climate,Public Services and Procurement Canada
417721,Laboratoires Nucléaires Canadiens,Canadian Nuclear Laboratories,2017-12-07,Climate,Climate,Prime Minister's Office (PMO)
417737,Suncor Énergie Inc.,Suncor Energy Inc.,2017-12-12,Climate,Climate,Environment and Climate Change Canada
417838,null,Tesla Motors Canada ULC,2017-12-05,Climate,Climate,Prime Minister's Office (PMO)
417841,null,Tesla Motors Canada ULC,2017-12-08,Climate,Climate,Prime Minister's Office (PMO)
417915,null,"IATSE (International Alliance of Theatrical Stage Employees, Moving Picture Technicians, Artists and Allied Crafts of the United States, its Territories and Canada)",2018-01-10,Climate,Climate,Environment and Climate Change Canada
418141,Conseil du bâtiment durable du Canada.,Canada Green Building Council,2017-12-12,Climate,Climate,Infrastructure Canada
418191,Équiterre,null,2017-12-20,Climate,Climat,Environment and Climate Change Canada
418474,AIEST - Alliance Internationale des Employes de Scene et de Theatre,IATSE - International Alliance of Theatrical Stage Employees,2018-01-10,Climate,Climate,Environment and Climate Change Canada
418482,null,EcoJustice,2018-01-22,Climate,Climate,Natural Resources Canada (NRCan)
418589,CONOCO PHILLIPS CANADA,CONOCO PHILLIPS CANADA,2018-01-12,Climate,Climate,Natural Resources Canada (NRCan)
418891,null,Federated Co-operatives Limited,2018-01-09,Climate,Climate,Environment and Climate Change Canada
418902,null,Federated Co-operatives Limited,2018-01-17,Climate,Climate,Natural Resources Canada (NRCan)
418907,null,Federated Co-operatives Limited,2018-01-19,Climate,Climate,"Innovation, Science and Economic Development Canada"
418911,null,Federated Co-operatives Limited,2018-01-23,Climate,Climate,Public Services and Procurement Canada
419007,null,Sustainable Waterloo Region,2018-01-30,Climate,Climate,Treasury Board Of Canada Secretariat (TBS)
419008,null,Sustainable Waterloo Region,2018-01-30,Climate,Climate,House of Commons
419009,null,Sustainable Waterloo Region,2018-01-30,Climate,Climate,"Innovation, Science and Economic Development Canada"
419010,null,Sustainable Waterloo Region,2018-01-30,Climate,Climate,House of Commons
419011,null,Sustainable Waterloo Region,2018-01-31,Climate,Climate,Public Services and Procurement Canada
419104,null,Tesla Motors Canada ULC,2018-01-22,Climate,Climate,Prime Minister's Office (PMO)
419105,Toyota Canada Inc. (via Casacom),Toyota Canada Inc. (through Casacom),2018-01-12,Climate,Climate,Transport Canada (TC)
419107,null,Tesla Motors Canada ULC,2018-01-17,Climate,Climate,Environment and Climate Change Canada
419601,Conseil du bâtiment durable du Canada.,Canada Green Building Council,2018-01-11,Climate,Climate,Natural Resources Canada (NRCan)
420167,Evidence pour la democratie,Evidence for Democracy,2018-01-17,Climate,Climate,House of Commons
420171,Evidence pour la democratie,Evidence for Democracy,2018-01-24,Climate,Climate,Environment and Climate Change Canada
420182,Evidence pour la democratie,Evidence for Democracy,2018-01-30,Climate,Climate,House of Commons
420184,Evidence pour la democratie,Evidence for Democracy,2018-01-19,Climate,Climate,"Innovation, Science and Economic Development Canada"
420185,Evidence pour la democratie,Evidence for Democracy,2018-02-15,Climate,Climate,House of Commons
420189,null,Sustainable Waterloo Region,2018-01-31,Climate,Climate,Public Services and Procurement Canada
420327,Mobilité Électrique Canada,Electric Mobility Canada,2018-02-01,Climate,Climate,House of Commons
420328,Mobilité Électrique Canada,Electric Mobility Canada,2018-02-01,Climate,Climate,Treasury Board Of Canada Secretariat (TBS)
420329,Mobilité Électrique Canada,Electric Mobility Canada,2018-02-01,Climate,Climate,"Innovation, Science and Economic Development Canada"
420570,Lobby Climatique des Citoyens,Citizens' Climate Lobby Canada,2018-02-23,Climate,Climate,House of Commons
420572,Lobby Climatique des Citoyens,Citizens' Climate Lobby Canada,2018-02-24,Climate,Climate,House of Commons
420672,null,Domtar Inc.,2018-02-16,Climate,Climate,Natural Resources Canada (NRCan)
420780,null,Natural Resources Defense Council,2018-02-01,Climate,Climate,House of Commons
420782,null,Natural Resources Defense Council,2018-02-01,Climate,Climate,Natural Resources Canada (NRCan)
420784,null,Natural Resources Defense Council,2018-02-01,Climate,Climate,Prime Minister's Office (PMO)
420785,null,Natural Resources Defense Council,2018-02-01,Climate,Climate,Environment and Climate Change Canada
421013,Équiterre,null,2018-02-06,Climate,Climat,"Innovation, Science and Economic Development Canada"
421014,Équiterre,null,2018-02-18,Climate,Climat,Prime Minister's Office (PMO)
421016,Équiterre,null,2018-02-20,Climate,Climat,Environment and Climate Change Canada
421019,Équiterre,null,2018-02-28,Climate,Climat,House of Commons
421120,null,Federated Co-operatives Limited,2018-02-08,Climate,Climate,Environment and Climate Change Canada
421123,null,Federated Co-operatives Limited,2018-02-12,Climate,Climate,Environment and Climate Change Canada
421124,null,Federated Co-operatives Limited,2018-02-23,Climate,Climate,Environment and Climate Change Canada
421156,null,Clean Resource Innovation Network,2018-02-06,Climate,Climate,House of Commons
421666,null,The International CCS Knowledge Centre,2018-02-21,Climate,Climate,Natural Resources Canada (NRCan)
421689,null,The International CCS Knowledge Centre,2018-02-27,Climate,Climate,Environment and Climate Change Canada
421955,null,NextEra Canada Development LP,2018-02-27,Climate,Climate,Environment and Climate Change Canada
421957,null,NextEra Canada Development LP,2018-02-26,Climate,Climate,Natural Resources Canada (NRCan)
422542,Industries Renouvelables Canada,Renewable Industries Canada,2018-02-26,Climate,Climate,House of Commons
422573,null,The Pollution Probe Foundation,2018-02-15,Climate,Climate,Prime Minister's Office (PMO)
422673,Conseil du bâtiment durable du Canada.,Canada Green Building Council,2018-02-26,Climate,Climate,Environment and Climate Change Canada
422707,null,Michelin North America (Canada) Inc.,2018-03-21,Climate,Climate,Environment and Climate Change Canada
422765,Association canadienne de L'hydroélectricité,Canadian Hydropower Association,2018-03-21,Climate,Climate,Environment and Climate Change Canada
422769,null,Canadian Solar Industries Association,2018-03-23,Climate,Climate,Environment and Climate Change Canada
422771,null,Energy Storage Canada,2018-03-23,Climate,Climate,Environment and Climate Change Canada
422967,null,Sustainable Waterloo Region,2018-03-15,Climate,Climate,House of Commons
423149,Équiterre,null,2018-03-27,Climate,Climat,House of Commons
423150,Équiterre,null,2018-03-27,Climate,Climat,House of Commons
423184,null,Federated Co-operatives Limited,2018-03-01,Climate,Climate,Environment and Climate Change Canada
423186,null,Federated Co-operatives Limited,2018-03-01,Climate,Climate,House of Commons
423189,null,Federated Co-operatives Limited,2018-03-23,Climate,Climate,Environment and Climate Change Canada
423258,null,Canadian Natural Resources Limited,2018-03-01,Climate,Climate,Natural Resources Canada (NRCan)
423259,null,Canadian Natural Resources Limited,2018-03-01,Climate,Climate,Prime Minister's Office (PMO)
423260,null,Canadian Natural Resources Limited,2018-03-01,Climate,Climate,Environment and Climate Change Canada
423423,Conseil du bâtiment durable du Canada.,Canada Green Building Council,2018-03-09,Climate,Climate,Natural Resources Canada (NRCan)
423475,null,Tesla Motors Canada ULC,2018-03-21,Climate,Climate,Environment and Climate Change Canada
423493,null,Carbon Engineering Ltd.,2018-03-08,Climate,Climate,Environment and Climate Change Canada
423494,null,Tesla Motors Canada ULC,2018-03-22,Climate,Climate,Natural Resources Canada (NRCan)
423495,null,Carbon Engineering Ltd.,2018-03-08,Climate,Climate,Natural Resources Canada (NRCan)
423496,null,Carbon Engineering Ltd.,2018-03-08,Climate,Climate,"Innovation, Science and Economic Development Canada"
423497,null,Carbon Engineering Ltd.,2018-03-08,Climate,Climate,"Innovation, Science and Economic Development Canada"
423498,null,Carbon Engineering Ltd.,2018-03-14,Climate,Climate,House of Commons
423499,null,Carbon Engineering Ltd.,2018-03-14,Climate,Climate,Environment and Climate Change Canada
423606,null,Nova Scotia Power Incorporated,2018-03-21,Climate,Climate,Environment and Climate Change Canada
423769,null,NextEra Canada Development LP,2018-03-27,Climate,Climate,Infrastructure Canada
423941,Association canadienne des carburants,Canadian Fuels Association,2018-03-12,Climate,Climate,Prime Minister's Office (PMO)
424610,null,Energy Storage Canada,2018-04-18,Climate,Climate,Natural Resources Canada (NRCan)
424899,null,Canadian Canola Growers Association,2018-04-17,Climate,Climate,Environment and Climate Change Canada
425110,Équiterre,null,2018-04-17,Climate,Climat,Finance Canada (FIN)
425112,Équiterre,null,2018-04-17,Climate,Climat,Natural Resources Canada (NRCan)
425114,Équiterre,null,2018-04-17,Climate,Climat,Environment and Climate Change Canada
425115,Équiterre,null,2018-04-24,Climate,Climat,Environment and Climate Change Canada
425116,Équiterre,null,2018-04-04,Climate,Climat,Environment and Climate Change Canada
425166,null,"Proterra, Inc.",2018-04-24,Climate,Climate,House of Commons
425167,null,"Proterra, Inc.",2018-04-25,Climate,Climate,House of Commons
425169,null,"Proterra, Inc.",2018-04-25,Climate,Climate,House of Commons
425231,null,Energy Storage Canada,2018-05-04,Climate,Climate,Natural Resources Canada (NRCan)
425529,Association canadienne des carburants,Canadian Fuels Association,2018-04-25,Climate,Climate,Environment and Climate Change Canada
425531,Association canadienne des carburants,Canadian Fuels Association,2018-04-05,Climate,Climate,Finance Canada (FIN)
425532,Association canadienne des carburants,Canadian Fuels Association,2018-04-05,Climate,Climate,Finance Canada (FIN)
425533,Association canadienne des carburants,Canadian Fuels Association,2018-04-11,Climate,Climate,Prime Minister's Office (PMO)
425534,Association canadienne des carburants,Canadian Fuels Association,2018-04-10,Climate,Climate,Global Affairs Canada
425535,Association canadienne des carburants,Canadian Fuels Association,2018-04-11,Climate,Climate,"Innovation, Science and Economic Development Canada"
425797,null,Tesla Motors Canada ULC,2018-04-25,Climate,Climate,Natural Resources Canada (NRCan)
425799,null,Tesla Motors Canada ULC,2018-04-17,Climate,Climate,Natural Resources Canada (NRCan)
425802,null,Tesla Motors Canada ULC,2018-04-19,Climate,Climate,Natural Resources Canada (NRCan)
425803,null,Tesla Motors Canada ULC,2018-04-03,Climate,Climate,Environment and Climate Change Canada
425929,null,S2E Technologies Inc.,2018-04-25,Climate,Climate,Global Affairs Canada
425978,Comptables professionnels agréés du Canada (CPA Canada),Chartered Professional Accountants of Canada (CPA Canada),2018-04-16,Climate,Climate,Natural Resources Canada (NRCan)
426062,Toyota Canada Inc. (via Casacom),Toyota Canada Inc. (through Casacom),2018-04-23,Climate,Climate,Transport Canada (TC)
426094,null,Teck Resources Limited,2018-04-25,Climate,Climate,Environment and Climate Change Canada
426208,null,Carbon Engineering Ltd.,2018-04-26,Climate,Climate,Environment and Climate Change Canada
426209,null,Carbon Engineering Ltd.,2018-04-26,Climate,Climate,Environment and Climate Change Canada
426275,L'association minière du Canada (AMC),The Mining Association of Canada (MAC),2018-04-04,Climate,Climate,Environment and Climate Change Canada
426494,Mobilité Électrique Canada,Electric Mobility Canada,2018-04-25,Climate,Climate,House of Commons
426508,Mobilité Électrique Canada,Electric Mobility Canada,2018-04-25,Climate,Climate,Senate of Canada
426518,Mobilité Électrique Canada,Electric Mobility Canada,2018-04-25,Climate,Climate,House of Commons
427083,null,Federated Co-operatives Limited,2018-04-05,Climate,Climate,Public Safety Canada (PS)
427084,null,Federated Co-operatives Limited,2018-04-17,Climate,Climate,Environment and Climate Change Canada
427085,null,Federated Co-operatives Limited,2018-04-17,Climate,Climate,Public Services and Procurement Canada
427197,null,EcoJustice,2018-05-22,Climate,Climate,Environment and Climate Change Canada
427198,null,EcoJustice,2018-05-24,Climate,Climate,Environment and Climate Change Canada
427372,null,Federated Co-operatives Limited,2018-05-30,Climate,Climate,Environment and Climate Change Canada
427565,null,Domtar Inc.,2018-05-31,Climate,Climate,Natural Resources Canada (NRCan)
427591,null,Innergex Renewable Energy Inc.,2018-06-05,Climate,Climate,Indigenous and Northern Affairs Canada
427618,null,Innergex Renewable Energy Inc.,2018-06-05,Climate,Climate,House of Commons
427741,null,Tesla Motors Canada ULC,2018-05-22,Climate,Climate,Environment and Climate Change Canada
427790,Équiterre,null,2018-05-22,Climate,Climat,Environment and Climate Change Canada
427954,null,Federated Co-operatives Limited,2018-05-30,Climate,Climate,Agriculture and Agri-Food Canada (AAFC)
427957,null,Federated Co-operatives Limited,2018-05-30,Climate,Climate,Environment and Climate Change Canada
427958,null,Federated Co-operatives Limited,2018-05-30,Climate,Climate,"Innovation, Science and Economic Development Canada"
427959,null,Federated Co-operatives Limited,2018-05-30,Climate,Climate,Transport Canada (TC)
428094,null,Naikun Wind Energy Group Inc.,2018-06-05,Climate,Climate,Environment and Climate Change Canada
428096,null,Naikun Wind Energy Group Inc.,2018-06-05,Climate,Climate,House of Commons
428105,null,Naikun Wind Energy Group Inc.,2018-06-05,Climate,Climate,House of Commons
428398,Le Fonds Atmosphérique,The Atmospheric Fund,2018-05-04,Climate,Climate,Finance Canada (FIN)
428508,null,The International CCS Knowledge Centre,2018-05-24,Climate,Climate,Natural Resources Canada (NRCan)
428509,null,The International CCS Knowledge Centre,2018-05-24,Climate,Climate,House of Commons
428517,null,Heritage Gas Limited,2018-05-14,Climate,Climate,House of Commons
428526,Association canadienne des carburants,Canadian Fuels Association,2018-05-11,Climate,Climate,House of Commons
428591,null,Private Forest Landowners Association,2018-05-01,Climate,Climate,House of Commons
429424,Biocarburants avances Canada,Advanced Biofuels Canada,2018-05-03,Climate,Climate,Environment and Climate Change Canada
429536,null,CHAR Technologies,2018-05-31,Climate,Climate,House of Commons
429585,null,Nova Scotia Power Incorporated,2018-05-29,Climate,Climate,Environment and Climate Change Canada
429861,Association canadienne de L'hydroélectricité,Canadian Hydropower Association,2018-05-03,Climate,Climate,Environment and Climate Change Canada
429862,Association canadienne de L'hydroélectricité,Canadian Hydropower Association,2018-05-30,Climate,Climate,Environment and Climate Change Canada
430283,null,Federated Co-operatives Limited,2018-06-20,Climate,Climate,Public Services and Procurement Canada
430378,null,Federated Co-operatives Limited,2017-09-25,Climate,Climate,Environment and Climate Change Canada
430483,null,North Atlantic Refinery Ltd.,2018-06-08,Climate,Climate,Environment and Climate Change Canada
430485,null,North Atlantic Refinery Ltd.,2018-06-08,Climate,Climate,House of Commons
430487,null,North Atlantic Refinery Ltd.,2018-06-19,Climate,Climate,Environment and Climate Change Canada
430497,null,North Atlantic Refinery Ltd.,2018-07-06,Climate,Climate,House of Commons
430562,Association canadienne des carburants,Canadian Fuels Association,2018-06-26,Climate,Climate,Environment and Climate Change Canada
430602,Équiterre,null,2017-05-16,Climate,Climat,Environment and Climate Change Canada
430812,null,Samsung Renewable Energy Inc.,2018-06-20,Climate,Climate,Natural Resources Canada (NRCan)
430825,Mobilité Électrique Canada,Electric Mobility Canada,2018-06-01,Climate,Climate,Transport Canada (TC)
430827,Mobilité Électrique Canada,Electric Mobility Canada,2018-06-26,Climate,Climate,Transport Canada (TC)
430828,Mobilité Électrique Canada,Electric Mobility Canada,2018-06-26,Climate,Climate,Global Affairs Canada
430830,Mobilité Électrique Canada,Electric Mobility Canada,2018-06-26,Climate,Climate,"Innovation, Science and Economic Development Canada"
430831,null,Heritage Gas Limited,2018-06-08,Climate,Climate,House of Commons
430832,Mobilité Électrique Canada,Electric Mobility Canada,2018-06-26,Climate,Climate,Natural Resources Canada (NRCan)
430834,Mobilité Électrique Canada,Electric Mobility Canada,2018-06-26,Climate,Climate,Prime Minister's Office (PMO)
430836,null,Heritage Gas Limited,2018-06-20,Climate,Climate,Environment and Climate Change Canada
430967,null,Tesla Motors Canada ULC,2018-06-26,Climate,Climate,Environment and Climate Change Canada
430971,null,Tesla Motors Canada ULC,2018-06-21,Climate,Climate,Environment and Climate Change Canada
431049,null,TNC Canada,2018-06-13,Climate,Climate,Prime Minister's Office (PMO)
431121,null,Carbon Engineering Ltd.,2018-06-14,Climate,Climate,Environment and Climate Change Canada
431123,Greengate Power Corporation,Greengate Power Corporation,2018-06-19,Climate,Climate,"Innovation, Science and Economic Development Canada"
431280,null,Plastics Sustainability Coalition,2018-06-19,Climate,Climate,Environment and Climate Change Canada
431282,null,Plastics Sustainability Coalition,2018-06-19,Climate,Climate,House of Commons
431284,null,Plastics Sustainability Coalition,2018-06-19,Climate,Climate,Natural Resources Canada (NRCan)
431286,null,Plastics Sustainability Coalition,2018-06-19,Climate,Climate,House of Commons
431288,null,Plastics Sustainability Coalition,2018-06-20,Climate,Climate,Senate of Canada
431402,null,EcoJustice,2018-07-13,Climate,Climate,Environment and Climate Change Canada
431403,null,EcoJustice,2018-07-13,Climate,Climate,Environment and Climate Change Canada
431404,null,Energy Storage Canada,2018-07-12,Climate,Climate,Environment and Climate Change Canada
431507,null,Loblaw Companies Limited,2018-07-18,Climate,Climate,Transport Canada (TC)
431513,null,General Fusion Inc,2018-03-29,Climate,Climate,"Innovation, Science and Economic Development Canada"
431514,null,General Fusion Inc,2018-03-29,Climate,Climate,"Innovation, Science and Economic Development Canada"
431515,null,General Fusion Inc,2018-04-05,Climate,Climate,"Innovation, Science and Economic Development Canada"
431516,null,General Fusion Inc,2018-04-26,Climate,Climate,"Innovation, Science and Economic Development Canada"
431517,null,General Fusion Inc,2018-06-24,Climate,Climate,"Innovation, Science and Economic Development Canada"
431518,null,General Fusion Inc,2018-06-25,Climate,Climate,"Innovation, Science and Economic Development Canada"
431519,null,General Fusion Inc,2018-06-25,Climate,Climate,House of Commons
431521,null,General Fusion Inc,2018-06-27,Climate,Climate,"Innovation, Science and Economic Development Canada"
431522,null,General Fusion Inc,2018-06-28,Climate,Climate,"Innovation, Science and Economic Development Canada"
431635,null,EcoJustice,2018-07-24,Climate,Climate,Senate of Canada
431691,Greengate Power Corporation,Greengate Power Corporation,2018-07-06,Climate,Climate,Western Economic Diversification Canada (WD)
431788,null,Mohawk College,2018-07-19,Climate,Climate,House of Commons
431930,null,Federated Co-operatives Limited,2018-07-13,Climate,Climate,Environment and Climate Change Canada
431931,null,Federated Co-operatives Limited,2018-07-19,Climate,Climate,Environment and Climate Change Canada
431943,null,Federated Co-operatives Limited,2018-07-10,Climate,Climate,House of Commons
431944,null,Federated Co-operatives Limited,2018-07-10,Climate,Climate,House of Commons
432066,Le Fonds Atmosphérique,The Atmospheric Fund,2018-07-30,Climate,Climate,Natural Resources Canada (NRCan)
432092,Toyota Canada Inc. (via Casacom),Toyota Canada Inc. (through Casacom),2018-07-04,Climate,Climate,Transport Canada (TC)
432132,null,Tesla Motors Canada ULC,2018-07-12,Climate,Climate,Environment and Climate Change Canada
432133,null,Tesla Motors Canada ULC,2018-07-31,Climate,Climate,Environment and Climate Change Canada
432204,null,General Fusion Inc,2018-07-27,Climate,Climate,"Innovation, Science and Economic Development Canada"
432206,null,General Fusion Inc,2018-08-04,Climate,Climate,"Innovation, Science and Economic Development Canada"
432405,null,Canadian Natural Resources Limited,2018-07-05,Climate,Climate,Western Economic Diversification Canada (WD)
432464,Centre québécois du droit de L'environnement,Quebec Center for Environmental Law,2018-07-27,Climate,Climat,Environment and Climate Change Canada
432658,null,General Fusion Inc,2018-08-15,Climate,Climate,"Innovation, Science and Economic Development Canada"
432659,null,General Fusion Inc,2018-08-16,Climate,Climate,Environment and Climate Change Canada
432670,Reseau Action Climat Canada,Climate Action Network Canada,2018-07-03,Climate,Climate,Environment and Climate Change Canada
432703,Reseau Action Climat Canada,Climate Action Network Canada,2018-08-06,Climate,Climate,Environment and Climate Change Canada
432707,Reseau Action Climat Canada,Climate Action Network Canada,2018-08-09,Climate,Climate,Environment and Climate Change Canada
432751,null,Canadian Natural Resources Limited,2018-07-09,Climate,Climate,Global Affairs Canada
432830,Reseau Action Climat Canada,Climate Action Network Canada,2018-08-14,Climate,Climate,Environment and Climate Change Canada
432832,null,Carbon Engineering Ltd.,2018-07-27,Climate,Climate,Environment and Climate Change Canada
432860,null,Federated Co-operatives Limited,2018-07-19,Climate,Climate,Environment and Climate Change Canada
432861,null,Federated Co-operatives Limited,2018-07-17,Climate,Climate,Environment and Climate Change Canada
432900,Reseau Action Climat Canada,Climate Action Network Canada,2018-08-24,Climate,Climate,Environment and Climate Change Canada
432926,Reseau Action Climat Canada,Climate Action Network Canada,2018-08-13,Climate,Climate,Environment and Climate Change Canada
433047,Reseau Action Climat Canada,Climate Action Network Canada,2018-08-28,Climate,Climate,Environment and Climate Change Canada
433050,Reseau Action Climat Canada,Climate Action Network Canada,2018-08-29,Climate,Climate,Environment and Climate Change Canada
433052,Reseau Action Climat Canada,Climate Action Network Canada,2018-09-04,Climate,Climate,Environment and Climate Change Canada
433148,null,Tesla Motors Canada ULC,2018-08-28,Climate,Climate,Natural Resources Canada (NRCan)
433154,null,Tesla Motors Canada ULC,2018-08-28,Climate,Climate,Environment and Climate Change Canada
433156,null,Tesla Motors Canada ULC,2018-08-31,Climate,Climate,Environment and Climate Change Canada
433158,null,Tesla Motors Canada ULC,2018-08-01,Climate,Climate,Environment and Climate Change Canada
433159,null,Tesla Motors Canada ULC,2018-08-30,Climate,Climate,Environment and Climate Change Canada
433208,null,Federated Co-operatives Limited,2018-08-14,Climate,Climate,Environment and Climate Change Canada
433209,null,Federated Co-operatives Limited,2018-08-14,Climate,Climate,Natural Resources Canada (NRCan)
433213,null,Federated Co-operatives Limited,2018-08-15,Climate,Climate,Environment and Climate Change Canada
433217,null,Federated Co-operatives Limited,2018-08-15,Climate,Climate,House of Commons
433370,null,The International CCS Knowledge Centre,2018-08-20,Climate,Climate,House of Commons
433375,null,The International CCS Knowledge Centre,2018-08-20,Climate,Climate,Natural Resources Canada (NRCan)
433442,null,Canadian Natural Resources Limited,2018-08-16,Climate,Climate,Finance Canada (FIN)
433443,null,Canadian Natural Resources Limited,2018-08-16,Climate,Climate,Natural Resources Canada (NRCan)
433461,Association canadienne des carburants,Canadian Fuels Association,2018-08-15,Climate,Climate,"Innovation, Science and Economic Development Canada"
433827,null,Inter Pipeline Ltd.,2018-08-23,Climate,Climate,Environment and Climate Change Canada
433972,Centre québécois du droit de L'environnement,Quebec Center for Environmental Law,2018-08-08,Climate,Climat,Environment and Climate Change Canada
433973,null,Federated Co-operatives Limited,2018-09-14,Climate,Climate,Natural Resources Canada (NRCan)
433974,null,Federated Co-operatives Limited,2018-09-14,Climate,Climate,Finance Canada (FIN)
434267,null,Electricity Distributors Association,2018-09-24,Climate,Climate,Environment and Climate Change Canada
434268,null,Electricity Distributors Association,2018-09-24,Climate,Climate,Environment and Climate Change Canada
434848,null,Tesla Motors Canada ULC,2018-09-04,Climate,Climate,Environment and Climate Change Canada
435008,null,Tesla Motors Canada ULC,2018-09-15,Climate,Climate,Environment and Climate Change Canada
435136,null,Federated Co-operatives Limited,2018-09-14,Climate,Climate,Environment and Climate Change Canada
435139,null,Federated Co-operatives Limited,2018-09-14,Climate,Climate,Natural Resources Canada (NRCan)
435143,null,Federated Co-operatives Limited,2018-09-14,Climate,Climate,Finance Canada (FIN)
435146,null,Federated Co-operatives Limited,2018-09-14,Climate,Climate,Environment and Climate Change Canada
435166,null,Federated Co-operatives Limited,2018-09-11,Climate,Climate,Natural Resources Canada (NRCan)
435191,L'Eglise Unie du Canada,The United Church of Canada,2018-09-07,Climate,Climate,House of Commons
435228,null,NextEra Canada Development LP,2018-09-25,Climate,Climate,Environment and Climate Change Canada
435250,null,Federated Co-operatives Limited,2018-09-11,Climate,Climate,Finance Canada (FIN)
435350,Greengate Power Corporation,Greengate Power Corporation,2018-09-25,Climate,Climate,Natural Resources Canada (NRCan)
435819,Suncor Énergie Inc.,Suncor Energy Inc.,2018-09-13,Climate,Climate,Natural Resources Canada (NRCan)
436042,null,BUSINESS COUNCIL OF BRITISH COLUMBIA,2018-09-05,Climate,Climate,Finance Canada (FIN)
436651,null,Dow Chemical Canada ULC,2018-10-29,Climate,Climate,Environment and Climate Change Canada
436817,Lobby Climatique des Citoyens,Citizens' Climate Lobby Canada,2018-10-15,Climate,Climate,House of Commons
436863,Lobby Climatique des Citoyens,Citizens' Climate Lobby Canada,2018-10-15,Climate,Climate,House of Commons
436864,Lobby Climatique des Citoyens,Citizens' Climate Lobby Canada,2018-10-15,Climate,Climate,House of Commons
436865,Lobby Climatique des Citoyens,Citizens' Climate Lobby Canada,2018-10-15,Climate,Climate,House of Commons
436866,Lobby Climatique des Citoyens,Citizens' Climate Lobby Canada,2018-10-16,Climate,Climate,Senate of Canada
436867,Lobby Climatique des Citoyens,Citizens' Climate Lobby Canada,2018-10-16,Climate,Climate,House of Commons
436868,Lobby Climatique des Citoyens,Citizens' Climate Lobby Canada,2018-10-15,Climate,Climate,House of Commons
436869,Lobby Climatique des Citoyens,Citizens' Climate Lobby Canada,2018-10-15,Climate,Climate,House of Commons
436870,Lobby Climatique des Citoyens,Citizens' Climate Lobby Canada,2018-10-16,Climate,Climate,House of Commons
436871,Lobby Climatique des Citoyens,Citizens' Climate Lobby Canada,2018-09-05,Climate,Climate,House of Commons
437033,L'Association des administrations portuaires canadiennes,Association of Canadian Port Authorities (ACPA),2018-10-25,Climate,Climate,Senate of Canada
437409,Association canadienne de L'hydroélectricité,Canadian Hydropower Association,2018-09-27,Climate,Climate,Senate of Canada
437415,null,Walker Environmental Group Inc.,2018-11-06,Climate,Climate,Environment and Climate Change Canada
437416,null,Walker Environmental Group Inc.,2018-11-06,Climate,Climate,Environment and Climate Change Canada
437417,null,Walker Environmental Group Inc.,2018-11-06,Climate,Climate,House of Commons
437418,null,Walker Environmental Group Inc.,2018-11-07,Climate,Climate,House of Commons
437610,Équiterre,null,2018-10-09,Climate,Climat,Environment and Climate Change Canada
437612,Équiterre,null,2018-10-11,Climate,Climat,Transport Canada (TC)
437613,Équiterre,null,2018-10-11,Climate,Climat,"Innovation, Science and Economic Development Canada"
437614,Équiterre,null,2018-10-18,Climate,Climat,House of Commons
437616,Équiterre,null,2018-10-18,Climate,Climat,Environment and Climate Change Canada
